Workbook

Sheet Mode d'emploi
A1: Ready To Reply — suivi de la campagne de validation LinkedIn
A3: À quoi sert ce fichier
A4: Mesurer si le problème traité par Ready To Reply intéresse réellement des entreprises : compréhension, reconnaissance du problème, envie d'échanger, accord pour un pilote.
A6: Comment le remplir
A7: • Les cellules sur fond jaune sont à remplir. Les autres se calculent seules : ne pas les modifier.
A8: • Onglet « Publications » : une ligne par publication, mise à jour chaque vendredi (chiffres LinkedIn : onglet Statistiques de la page).
A9: • Onglet « Inscriptions » : une ligne par personne inscrite ou ayant écrit en message privé.
A10: • Onglet « Échanges » : une ligne par entretien de 15 minutes réalisé.
A11: • Onglet « Synthèse » : se remplit automatiquement à partir des trois autres.
A13: Trois niveaux à ne pas confondre
A14: 1. Visibilité : impressions, visites, « J'aime ». Indique que le message circule, pas qu'il intéresse.
A15: 2. Inscription : une personne laisse ses coordonnées. Indique une curiosité ou un intérêt déclaré, pas un besoin prouvé.
... A29: Ce fichier contient des coordonnées : accès limité aux personnes qui mènent la campagne, pas de copie hors de l'espace partagé prévu, suppression à la fin de la démarche selon la durée annoncée dans le formulaire (à définir).

Sheet Publications
A1: Date de publication | B1: Publication | C1: Audience visée | D1: Impressions | E1: Visites (page ou profil) | F1: Clics vers le formulaire | G1: Formulaires commencés | H1: Formulaires envoyés | I1: Inscriptions reçues | J1: Inscriptions pertinentes | K1: Demandes de contact | L1: Rendez-vous pris | M1: Rendez-vous réalisés | N1: Entreprises intéressées par un pilote | O1: Principaux commentaires ou objections
B2: P1 · Le problème | C2: Dirigeants et commerciaux de PME électricité / éclairage
B3: P2 · Les conséquences | C3: Mêmes publics + chargés d'appels d'offres
B4: P3 · L'idée de Ready To Reply | C4: Tous publics testés
B5: P4 · Invitation à échanger | C5: Professionnels qui répondent aux marchés publics
B6: Hors publications (messages directs, bouche-à-oreille) | C6: Contacts sollicités directement
B7: Synthèse de la campagne | D7: =SUM(D2:D6) | E7: =SUM(E2:E6) | F7: =SUM(F2:F6) | G7: =SUM(G2:G6) | H7: =SUM(H2:H6) | I7: =SUM(I2:I6) | J7: =SUM(J2:J6) | K7: =SUM(K2:K6) | ... N7: =SUM(N2:N6) | O7: Voir onglet Synthèse pour les objections regroupées
B9: Taux de passage (calculés)
B10: Clics vers le formulaire / impressions | D10: =IFERROR(F7/D7,0)
B11: Formulaires envoyés / commencés | D11: =IFERROR(H7/G7,0)
B12: Inscriptions pertinentes / inscriptions reçues | D12: =IFERROR(J7/I7,0)
B13: Rendez-vous réalisés / inscriptions pertinentes | D13: =IFERROR(M7/J7,0)
B14: Entreprises « pilote » / rendez-vous réalisés | D14: =IFERROR(N7/M7,0)
B16: Les cellules jaunes sont à remplir chaque vendredi. Les ratios ne sont significatifs qu'avec un volume suffisant : les lire comme des tendances.

Sheet Inscriptions
A1: Date | B1: Source (publication ou autre) | C1: Prénom et nom | D1: Entreprise | E1: Fonction | F1: Secteur | G1: Taille de l'entreprise | H1: Problème décrit (résumé) | I1: Intérêt principal | J1: Niveau d'intérêt | K1: Pertinent pour la cible ? | L1: Souhaite un échange | M1: Accord pour être recontacté | N1: Statut du suivi | O1: Date du rendez-vous | P1: Notes

Sheet Échanges
A1: Date | B1: Entreprise (ou code anonyme) | C1: Fonction de l'interlocuteur | D1: Secteur | E1: Nombre d'appels d'offres par an (estimation) | F1: Qui s'en occupe aujourd'hui | G1: Temps passé par dossier (estimation) | H1: Outils ou aides déjà utilisés | I1: Difficulté principale | J1: Intensité du problème (1 à 5) | K1: Intérêt pour un pilote | L1: Conditions ou freins évoqués | M1: Verbatim anonymisé | N1: Prochaine étape

Sheet Synthèse
A1: Synthèse automatique (ne rien saisir ici)
A3: Visibilité
A4: Impressions (toutes publications) | B4: =Publications!D7 | C4: Visibilité uniquement : ne mesure pas l'intérêt
A5: Clics vers le formulaire | B5: =Publications!F7
A6: Inscriptions
A7: Inscriptions reçues | B7: =COUNTA(Inscriptions!$C$2:$C$301) | C7: Une ligne par personne dans l'onglet Inscriptions
A8: dont Curieux | B8: =COUNTIF(Inscriptions!$J$2:$J$301,"Curieux")
A9: dont Concerné | B9: =COUNTIF(Inscriptions!$J$2:$J$301,"Concerné")
A10: dont Échange souhaité | B10: =COUNTIF(Inscriptions!$J$2:$J$301,"Échange souhaité")
A11: dont Pilote possible | B11: =COUNTIF(Inscriptions!$J$2:$J$301,"Pilote possible")
A12: Inscriptions pertinentes pour la cible | B12: =COUNTIF(Inscriptions!$K$2:$K$301,"Oui")
A13: Secteur électricité / éclairage | B13: =COUNTIF(Inscriptions!$F$2:$F$301,"Électricité / éclairage") | C13: Cible prioritaire
A14: Accords pour être recontacté | B14: =COUNTIF(Inscriptions!$M$2:$M$301,"Oui") | C14: Seules ces personnes peuvent être relancées
A15: Intérêt commercial réel
A16: Rendez-vous pris | B16: =COUNTIF(Inscriptions!$N$2:$N$301,"RDV pris")+COUNTIF(Inscriptions!$N$2:$N$301,"RDV réalisé")+COUNTIF(Inscriptions!$N$2:$N$301,"Pilote accepté") | C16: Statuts RDV pris, RDV réalisé ou Pilote accepté
A17: Échanges réalisés (onglet Échanges) | B17: =COUNTA(Échanges!$B$2:$B$60)
A18: Intensité moyenne du problème (1 à 5) | B18: =IFERROR(AVERAGE(Échanges!$J$2:$J$60),0) | C18: Moyenne des échanges réalisés
A19: Échanges avec intérêt pilote « Oui » | B19: =COUNTIF(Échanges!$K$2:$K$60,"Oui")
A20: Pilotes acceptés | B20: =COUNTIF(Inscriptions!$N$2:$N$301,"Pilote accepté") | C20: Signal le plus fort de la campagne
A22: Rappel : une inscription n'est pas une preuve d'achat. Décider sur les échanges réalisés et les pilotes acceptés.
